"Position","Name","Salary","GameInfo","AvgPointsPerGame","teamAbbrev"
"G","Carey Price",8500,"Mon@Edm 09:00PM ET",7.425,"Mon"
"C","Tyler Seguin",8500,"Van@Dal 08:30PM ET",5.778,"Dal"
"C","John Tavares",8400,"Car@NYI 07:00PM ET",4.778,"NYI"
"LW","Jamie Benn",8000,"Van@Dal 08:30PM ET",6.056,"Dal"
"G","Corey Crawford",7800,"Chi@Wpg 08:00PM ET",6.629,"Chi"
"RW","Patrick Kane",7800,"Chi@Wpg 08:00PM ET",5.167,"Chi"
"G","Marc-Andre Fleury",7700,"Buf@Pit 07:00PM ET",5.644,"Pit"
"C","Sidney Crosby",7700,"Buf@Pit 07:00PM ET",2.500,"Pit"
"LW","Max Pacioretty",7700,"Mon@Edm 09:00PM ET",5.050,"Mon"
"RW","Vladimir Tarasenko",7600,"Anh@StL 08:00PM ET",5.167,"StL"
"C","Steven Stamkos",7400,"Col@TB 07:30PM ET",3.150,"TB"
"G","Ryan Miller",7300,"Van@Dal 08:30PM ET",4.867,"Van"
"G","Ben Bishop",7300,"Col@TB 07:30PM ET",4.267,"TB"
"RW","Blake Wheeler",7200,"Chi@Wpg 08:00PM ET",4.944,"Wpg"
"G","Jaroslav Halak",7200,"Car@NYI 07:00PM ET",6.950,"NYI"
"RW","Phil Kessel",7200,"Buf@Pit 07:00PM ET",3.389,"Pit"
"G","Brian Elliott",7200,"Anh@StL 08:00PM ET",4.520,"StL"
"G","Jake Allen",7200,"Anh@StL 08:00PM ET",5.050,"StL"
"C","Nathan MacKinnon",7200,"Col@TB 07:30PM ET",4.625,"Col"
"G","Semyon Varlamov",7100,"Col@TB 07:30PM ET",1.760,"Col"
"G","Mike Condon",7100,"Mon@Edm 09:00PM ET",6.900,"Mon"
"RW","Corey Perry",7000,"Anh@StL 08:00PM ET",1.833,"Anh"
"C","Evgeni Malkin",7000,"Buf@Pit 07:00PM ET",3.833,"Pit"
"G","Steve Mason",6900,"NJ@Phi 07:00PM ET",3.233,"Phi"
"G","Jeff Zatkoff",6900,"Buf@Pit 07:00PM ET",0,"Pit"
"G","Frederik Andersen",6900,"Anh@StL 08:00PM ET",3.371,"Anh"
"LW","Gabriel Landeskog",6900,"Col@TB 07:30PM ET",4.313,"Col"
"C","Ryan Getzlaf",6800,"Anh@StL 08:00PM ET",1.667,"Anh"
"G","Cory Schneider",6800,"NJ@Phi 07:00PM ET",4.314,"NJ"
"C","Claude Giroux",6800,"NJ@Phi 07:00PM ET",3.588,"Phi"
"G","Antti Niemi",6700,"Van@Dal 08:30PM ET",5.967,"Dal"
"G","Scott Darling",6700,"Chi@Wpg 08:00PM ET",3.800,"Chi"
"G","Kari Lehtonen",6600,"Van@Dal 08:30PM ET",4.650,"Dal"
"G","Thomas Greiss",6600,"Car@NYI 07:00PM ET",6.550,"NYI"
"G","Ondrej Pavelec",6600,"Chi@Wpg 08:00PM ET",3.714,"Wpg"
"LW","Alexander Steen",6500,"Anh@StL 08:00PM ET",4.333,"StL"
"RW","Jakub Voracek",6500,"NJ@Phi 07:00PM ET",3.313,"Phi"
"G","Michael Hutchinson",6500,"Chi@Wpg 08:00PM ET",6.733,"Wpg"
"LW","Daniel Sedin",6400,"Van@Dal 08:30PM ET",3.778,"Van"
"G","Cam Ward",6400,"Car@NYI 07:00PM ET",3.450,"Car"
"C","Jonathan Toews",6400,"Chi@Wpg 08:00PM ET",3.000,"Chi"
"G","Anton Khudobin",6400,"Anh@StL 08:00PM ET",2.200,"Anh"
"LW","Taylor Hall",6400,"Mon@Edm 09:00PM ET",4.350,"Edm"
"G","Keith Kinkaid",6400,"NJ@Phi 07:00PM ET",1.400,"NJ"
"G","Richard Bachman",6300,"Van@Dal 08:30PM ET",0,"Van"
"G","Cam Talbot",6300,"Mon@Edm 09:00PM ET",3.125,"Edm"
"G","Eddie Lack",6300,"Car@NYI 07:00PM ET",0.000,"Car"
"G","Anders Nilsson",6200,"Mon@Edm 09:00PM ET",3.800,"Edm"
"G","Reto Berra",6200,"Col@TB 07:30PM ET",4.850,"Col"
"RW","Kyle Okposo",6100,"Car@NYI 07:00PM ET",3.722,"NYI"
"G","Chad Johnson",6100,"Buf@Pit 07:00PM ET",2.625,"Buf"
"G","Jason LaBarbera",6000,"NJ@Phi 07:00PM ET",0,"Phi"
"C","Tomas Plekanec",6000,"Mon@Edm 09:00PM ET",4.000,"Mon"
"C","Jason Spezza",6000,"Van@Dal 08:30PM ET",4.556,"Dal"
"G","Yann Danis",6000,"NJ@Phi 07:00PM ET",0,"NJ"
"D","P.K. Subban",6000,"Mon@Edm 09:00PM ET",3.650,"Mon"
"G","Jean-Francois Berube",6000,"Car@NYI 07:00PM ET",2.000,"NYI"
"G","Linus Ullmark",6000,"Buf@Pit 07:00PM ET",0.800,"Buf"
"G","Kristers Gudlevskis",6000,"Col@TB 07:30PM ET",5.200,"TB"
"D","Dustin Byfuglien",5900,"Chi@Wpg 08:00PM ET",3.111,"Wpg"
"LW","Patrick Sharp",5800,"Van@Dal 08:30PM ET",2.722,"Dal"
"RW","Radim Vrbata",5700,"Van@Dal 08:30PM ET",2.911,"Van"
"RW","Patric Hornqvist",5700,"Buf@Pit 07:00PM ET",1.722,"Pit"
"RW","Marian Hossa",5600,"Chi@Wpg 08:00PM ET",2.389,"Chi"
"C","Eric Staal",5600,"Car@NYI 07:00PM ET",3.056,"Car"
"LW","Andrew Ladd",5600,"Chi@Wpg 08:00PM ET",3.167,"Wpg"
"D","Justin Faulk",5600,"Car@NYI 07:00PM ET",4.167,"Car"
"C","Tyler Johnson",5600,"Col@TB 07:30PM ET",2.350,"TB"
"C","Connor McDavid",5600,"Mon@Edm 09:00PM ET",3.650,"Edm"
"RW","Chris Stewart",5500,"Anh@StL 08:00PM ET",0.667,"Anh"
"D","Kris Letang",5500,"Buf@Pit 07:00PM ET",3.333,"Pit"
"RW","Ryan Callahan",5400,"Col@TB 07:30PM ET",2.450,"TB"
"RW","Wayne Simmonds",5400,"NJ@Phi 07:00PM ET",2.563,"Phi"
"RW","Brendan Gallagher",5400,"Mon@Edm 09:00PM ET",3.900,"Mon"
"RW","Nikita Kucherov",5400,"Col@TB 07:30PM ET",2.000,"TB"
"D","Johnny Boychuk",5300,"Car@NYI 07:00PM ET",4.278,"NYI"
"C","Bryan Little",5300,"Chi@Wpg 08:00PM ET",3.333,"Wpg"
"D","Sami Vatanen",5300,"Anh@StL 08:00PM ET",2.389,"Anh"
"LW","Mike Cammalleri",5200,"NJ@Phi 07:00PM ET",4.500,"NJ"
"RW","Jarome Iginla",5100,"Col@TB 07:30PM ET",2.688,"Col"
"C","Jack Eichel",5100,"Buf@Pit 07:00PM ET",2.667,"Buf"
"C","Tyler Ennis",5000,"Buf@Pit 07:00PM ET",3.411,"Buf"
"C","Matt Duchene",5000,"Col@TB 07:30PM ET",1.813,"Col"
"LW","Ryan O'Reilly",5000,"Buf@Pit 07:00PM ET",3.500,"Buf"
"D","Francois Beauchemin",4900,"Col@TB 07:30PM ET",4.375,"Col"
"C","Ryan Kesler",4900,"Anh@StL 08:00PM ET",1.722,"Anh"
"LW","Chris Kunitz",4900,"Buf@Pit 07:00PM ET",1.667,"Pit"
"D","Kevin Shattenkirk",4900,"Anh@StL 08:00PM ET",2.125,"StL"
"D","Alex Pietrangelo",4900,"Anh@StL 08:00PM ET",2.278,"StL"
"D","Victor Hedman",4900,"Col@TB 07:30PM ET",3.100,"TB"
"D","John Klingberg",4900,"Van@Dal 08:30PM ET",3.611,"Dal"
"C","Anders Lee",4900,"Car@NYI 07:00PM ET",3.000,"NYI"
"LW","Pascal Dupuis",4800,"Buf@Pit 07:00PM ET",1.500,"Pit"
"LW","Adam Henrique",4800,"NJ@Phi 07:00PM ET",4.133,"NJ"
"D","Andrei Markov",4700,"Mon@Edm 09:00PM ET",3.650,"Mon"
"D","Brent Seabrook",4700,"Chi@Wpg 08:00PM ET",3.389,"Chi"
"C","David Backes",4700,"Anh@StL 08:00PM ET",1.611,"StL"
"D","Erik Johnson",4700,"Col@TB 07:30PM ET",3.375,"Col"
"D","Alexander Edler",4700,"Van@Dal 08:30PM ET",2.750,"Van"
"D","Tyson Barrie",4700,"Col@TB 07:30PM ET",2.200,"Col"
"C","Mark Scheifele",4700,"Chi@Wpg 08:00PM ET",3.000,"Wpg"
"RW","Nikolaj Ehlers",4700,"Chi@Wpg 08:00PM ET",4.167,"Wpg"
"LW","Artemi Panarin",4700,"Chi@Wpg 08:00PM ET",3.111,"Chi"
"D","Mark Streit",4600,"NJ@Phi 07:00PM ET",3.875,"Phi"
"C","Frans Nielsen",4600,"Car@NYI 07:00PM ET",3.944,"NYI"
"C","Ryan Nugent-Hopkins",4600,"Mon@Edm 09:00PM ET",2.500,"Edm"
"C","Ryan Strome",4600,"Car@NYI 07:00PM ET",2.438,"NYI"
"C","Alex Galchenyuk",4600,"Mon@Edm 09:00PM ET",2.600,"Mon"
"LW","Jonathan Drouin",4600,"Col@TB 07:30PM ET",1.800,"TB"
"C","Henrik Sedin",4500,"Van@Dal 08:30PM ET",1.944,"Van"
"D","Anton Stralman",4500,"Col@TB 07:30PM ET",2.200,"TB"
"D","Jason Garrison",4500,"Col@TB 07:30PM ET",2.950,"TB"
"LW","Jeff Skinner",4500,"Car@NYI 07:00PM ET",1.722,"Car"
"LW","Ondrej Palat",4500,"Col@TB 07:30PM ET",2.450,"TB"
"RW","Drew Stafford",4400,"Chi@Wpg 08:00PM ET",3.333,"Wpg"
"RW","Troy Brouwer",4400,"Anh@StL 08:00PM ET",3.278,"StL"
"C","Brandon Sutter",4400,"Van@Dal 08:30PM ET",3.444,"Van"
"C","Cody Eakin",4400,"Van@Dal 08:30PM ET",2.944,"Dal"
"RW","Jakob Silfverberg",4400,"Anh@StL 08:00PM ET",1.689,"Anh"
"D","Hampus Lindholm",4400,"Anh@StL 08:00PM ET",2.556,"Anh"
"C","Brayden Schenn",4300,"NJ@Phi 07:00PM ET",3.000,"Phi"
"LW","David Perron",4200,"Buf@Pit 07:00PM ET",1.556,"Pit"
"D","Alex Goligoski",4200,"Van@Dal 08:30PM ET",3.167,"Dal"
"D","Tyler Myers",4200,"Chi@Wpg 08:00PM ET",2.167,"Wpg"
"C","Victor Rask",4200,"Car@NYI 07:00PM ET",2.667,"Car"
"RW","Nail Yakupov",4200,"Mon@Edm 09:00PM ET",3.450,"Edm"
"LW","Alex Tanguay",4100,"Col@TB 07:30PM ET",1.438,"Col"
"C","Carl Soderberg",4100,"Col@TB 07:30PM ET",2.000,"Col"
"RW","Kris Versteeg",4100,"Car@NYI 07:00PM ET",2.333,"Car"
"LW","Matt Moulson",4100,"Buf@Pit 07:00PM ET",2.244,"Buf"
"C","Brock Nelson",4100,"Car@NYI 07:00PM ET",2.389,"NYI"
"D","Rasmus Ristolainen",4100,"Buf@Pit 07:00PM ET",3.111,"Buf"
"RW","Ales Hemsky",4000,"Van@Dal 08:30PM ET",2.722,"Dal"
"C","Andrew Cogliano",4000,"Anh@StL 08:00PM ET",1.000,"Anh"
"C","Sam Gagner",4000,"NJ@Phi 07:00PM ET",2.314,"Phi"
"LW","Patrick Maroon",4000,"Anh@StL 08:00PM ET",0.778,"Anh"
"C","Mathieu Perreault",4000,"Chi@Wpg 08:00PM ET",2.389,"Wpg"
"LW","Josh Bailey",4000,"Car@NYI 07:00PM ET",2.889,"NYI"
"D","Michael Del Zotto",4000,"NJ@Phi 07:00PM ET",2.063,"Phi"
"C","Jori Lehtera",4000,"Anh@StL 08:00PM ET",2.722,"StL"
"LW","Carl Hagelin",4000,"Anh@StL 08:00PM ET",1.611,"Anh"
"D","Jacob Trouba",4000,"Chi@Wpg 08:00PM ET",2.167,"Wpg"
"RW","Alexandre Burrows",3900,"Van@Dal 08:30PM ET",2.078,"Van"
"C","Jordan Staal",3900,"Car@NYI 07:00PM ET",0.611,"Car"
"D","Travis Hamonic",3900,"Car@NYI 07:00PM ET",2.500,"NYI"
"D","Cam Fowler",3900,"Anh@StL 08:00PM ET",2.111,"Anh"
"LW","Alex Killorn",3900,"Col@TB 07:30PM ET",1.550,"TB"
"LW","Teuvo Teravainen",3900,"Chi@Wpg 08:00PM ET",2.111,"Chi"
"C","Elias Lindholm",3900,"Car@NYI 07:00PM ET",1.556,"Car"
"LW","Benoit Pouliot",3800,"Mon@Edm 09:00PM ET",2.300,"Edm"
"D","Kevin Bieksa",3800,"Anh@StL 08:00PM ET",1.944,"Anh"
"C","Artem Anisimov",3800,"Chi@Wpg 08:00PM ET",2.278,"Chi"
"RW","Kyle Palmieri",3800,"NJ@Phi 07:00PM ET",2.556,"NJ"
"LW","Michael Raffl",3800,"NJ@Phi 07:00PM ET",1.813,"Phi"
"RW","Brian Gionta",3600,"Buf@Pit 07:00PM ET",1.583,"Buf"
"C","Shawn Horcoff",3600,"Anh@StL 08:00PM ET",1.500,"Anh"
"RW","Alexander Semin",3600,"Mon@Edm 09:00PM ET",1.550,"Mon"
"C","David Desharnais",3600,"Mon@Edm 09:00PM ET",2.500,"Mon"
"C","Nick Bonino",3600,"Buf@Pit 07:00PM ET",1.889,"Pit"
"RW","Matt Read",3600,"NJ@Phi 07:00PM ET",2.000,"Phi"
"D","Oscar Klefbom",3600,"Mon@Edm 09:00PM ET",2.500,"Edm"
"LW","Tomas Fleischmann",3500,"Mon@Edm 09:00PM ET",2.100,"Mon"
"D","Trevor Daley",3500,"Chi@Wpg 08:00PM ET",1.500,"Chi"
"LW","Nikolay Kulemin",3500,"Car@NYI 07:00PM ET",2.500,"NYI"
"D","Nick Leddy",3500,"Car@NYI 07:00PM ET",1.278,"NYI"
"D","Olli Maatta",3500,"Buf@Pit 07:00PM ET",1.667,"Pit"
"C","Vincent Lecavalier",3400,"NJ@Phi 07:00PM ET",0.000,"Phi"
"C","John Mitchell",3400,"Col@TB 07:30PM ET",2.688,"Col"
"RW","Lee Stempniak",3400,"NJ@Phi 07:00PM ET",2.689,"NJ"
"C","Valtteri Filppula",3400,"Col@TB 07:30PM ET",1.250,"TB"
"D","Clayton Stoner",3400,"Anh@StL 08:00PM ET",0.333,"Anh"
"D","Cody Franson",3400,"Buf@Pit 07:00PM ET",2.278,"Buf"
"RW","Teddy Purcell",3400,"Mon@Edm 09:00PM ET",1.650,"Edm"
"C","Lars Eller",3400,"Mon@Edm 09:00PM ET",2.400,"Mon"
"LW","Nathan Gerbe",3400,"Car@NYI 07:00PM ET",1.556,"Car"
"C","Sean Couturier",3400,"NJ@Phi 07:00PM ET",2.000,"Phi"
"D","Justin Schultz",3400,"Mon@Edm 09:00PM ET",1.833,"Edm"
"C","Travis Zajac",3300,"NJ@Phi 07:00PM ET",2.813,"NJ"
"RW","Jannik Hansen",3300,"Van@Dal 08:30PM ET",2.167,"Van"
"D","Christopher Tanev",3300,"Van@Dal 08:30PM ET",2.111,"Van"
"D","Adam Larsson",3300,"NJ@Phi 07:00PM ET",2.000,"NJ"
"C","Brian Flynn",3300,"Mon@Edm 09:00PM ET",1.800,"Mon"
"D","Colton Parayko",3300,"Anh@StL 08:00PM ET",3.778,"StL"
"C","Bo Horvat",3300,"Van@Dal 08:30PM ET",1.778,"Van"
"RW","Valeri Nichushkin",3300,"Van@Dal 08:30PM ET",1.286,"Dal"
"C","Mikhail Grabovski",3200,"Car@NYI 07:00PM ET",2.167,"NYI"
"D","Jeff Petry",3200,"Mon@Edm 09:00PM ET",1.950,"Mon"
"D","Noah Hanifin",3200,"Car@NYI 07:00PM ET",1.500,"Car"
"D","Marek Zidlicky",3100,"Car@NYI 07:00PM ET",1.438,"NYI"
"D","Andrej Sekera",3100,"Mon@Edm 09:00PM ET",2.450,"Edm"
"LW","Jamie McGinn",3100,"Buf@Pit 07:00PM ET",1.333,"Buf"
"RW","Dmitrij Jaskin",3100,"Anh@StL 08:00PM ET",1.444,"StL"
"RW","Andrew Shaw",3100,"Chi@Wpg 08:00PM ET",0.833,"Chi"
"C","Zemgus Girgensons",3100,"Buf@Pit 07:00PM ET",1.556,"Buf"
"C","Mattias Janmark",3100,"Van@Dal 08:30PM ET",2.500,"Dal"
"RW","Dennis Everberg",3100,"Col@TB 07:30PM ET",0.500,"Col"
"C","Matt Cullen",3000,"Buf@Pit 07:00PM ET",1.167,"Pit"
"D","John-Michael Liles",3000,"Car@NYI 07:00PM ET",1.611,"Car"
"RW","Jiri Tlusty",3000,"NJ@Phi 07:00PM ET",1.389,"NJ"
"D","Toby Enstrom",3000,"Chi@Wpg 08:00PM ET",0.889,"Wpg"
"D","Ian Cole",3000,"Buf@Pit 07:00PM ET",2.000,"Pit"
"D","Jason Demers",3000,"Van@Dal 08:30PM ET",2.214,"Dal"
"D","Calvin de Haan",3000,"Car@NYI 07:00PM ET",2.444,"NYI"
"RW","Ryan Garbutt",3000,"Chi@Wpg 08:00PM ET",1.250,"Chi"
"C","Rickard Rakell",3000,"Anh@StL 08:00PM ET",1.778,"Anh"
"C","Adam Lowry",3000,"Chi@Wpg 08:00PM ET",1.944,"Wpg"
"D","Damon Severson",3000,"NJ@Phi 07:00PM ET",2.000,"NJ"
"D","Viktor Svedberg",3000,"Chi@Wpg 08:00PM ET",2.125,"Chi"
"D","Jay Bouwmeester",2900,"Anh@StL 08:00PM ET",1.833,"StL"
"C","Vernon Fiddler",2900,"Van@Dal 08:30PM ET",1.444,"Dal"
"C","R.J. Umberger",2900,"NJ@Phi 07:00PM ET",2.083,"Phi"
"C","Brian Boyle",2900,"Col@TB 07:30PM ET",2.250,"TB"
"LW","Lauri Korpikoski",2900,"Mon@Edm 09:00PM ET",1.900,"Edm"
"D","Andy Greene",2900,"NJ@Phi 07:00PM ET",1.944,"NJ"
"D","Niklas Hjalmarsson",2900,"Chi@Wpg 08:00PM ET",2.056,"Chi"
"D","Nick Holden",2900,"Col@TB 07:30PM ET",2.313,"Col"
"RW","Dale Weise",2900,"Mon@Edm 09:00PM ET",2.600,"Mon"
"C","Colton Sceviour",2900,"Van@Dal 08:30PM ET",1.188,"Dal"
"RW","Devante Smith-Pelly",2900,"Mon@Edm 09:00PM ET",1.150,"Mon"
"D","Radko Gudas",2900,"NJ@Phi 07:00PM ET",1.357,"Phi"
"C","Scott Laughton",2900,"NJ@Phi 07:00PM ET",2.688,"Phi"
"D","Ben Hutton",2900,"Van@Dal 08:30PM ET",2.222,"Van"
"D","Trevor van Riemsdyk",2900,"Chi@Wpg 08:00PM ET",1.833,"Chi"
"D","Matthew Carle",2800,"Col@TB 07:30PM ET",1.450,"TB"
"C","Kyle Brodziak",2800,"Anh@StL 08:00PM ET",1.222,"StL"
"LW","Blake Comeau",2800,"Col@TB 07:30PM ET",1.313,"Col"
"RW","Torrey Mitchell",2800,"Mon@Edm 09:00PM ET",2.650,"Mon"
"D","David Schlemko",2800,"NJ@Phi 07:00PM ET",1.500,"NJ"
"RW","Ryan White",2800,"NJ@Phi 07:00PM ET",1.625,"Phi"
"D","Yannick Weber",2800,"Van@Dal 08:30PM ET",0.700,"Van"
"RW","Erik Condra",2800,"Col@TB 07:30PM ET",1.950,"TB"
"LW","Marcus Foligno",2800,"Buf@Pit 07:00PM ET",1.438,"Buf"
"LW","Antoine Roussel",2800,"Van@Dal 08:30PM ET",1.556,"Dal"
"D","Ryan Murphy",2800,"Car@NYI 07:00PM ET",1.722,"Car"
"D","Brian Dumoulin",2800,"Buf@Pit 07:00PM ET",1.056,"Pit"
"D","Ron Hainsey",2700,"Car@NYI 07:00PM ET",1.944,"Car"
"RW","Scottie Upshall",2700,"Anh@StL 08:00PM ET",2.214,"StL"
"D","Dan Hamhuis",2700,"Van@Dal 08:30PM ET",1.444,"Van"
"RW","Jack Skille",2700,"Col@TB 07:30PM ET",2.188,"Col"
"D","Johnny Oduya",2700,"Van@Dal 08:30PM ET",1.667,"Dal"
"RW","Cal Clutterbuck",2700,"Car@NYI 07:00PM ET",1.889,"NYI"
"C","Mike Santorelli",2700,"Anh@StL 08:00PM ET",1.625,"Anh"
"C","Chris VandeVelde",2700,"NJ@Phi 07:00PM ET",1.750,"Phi"
"D","Eric Gelinas",2700,"NJ@Phi 07:00PM ET",1.071,"NJ"
"C","Alex Burmistrov",2700,"Chi@Wpg 08:00PM ET",1.444,"Wpg"
"D","Jake McCabe",2700,"Buf@Pit 07:00PM ET",1.714,"Buf"
"C","Sam Reinhart",2700,"Buf@Pit 07:00PM ET",1.778,"Buf"
"C","Jared McCann",2700,"Van@Dal 08:30PM ET",2.313,"Van"
"LW","Jiri Sekac",2700,"Anh@StL 08:00PM ET",1.500,"Anh"
"RW","Daniel Sprong",2700,"Buf@Pit 07:00PM ET",1.125,"Pit"
"LW","Sergei Plotnikov",2700,"Buf@Pit 07:00PM ET",0.750,"Pit"
"C","Scott Gomez",2600,"Anh@StL 08:00PM ET",1.333,"StL"
"D","Nick Schultz",2600,"NJ@Phi 07:00PM ET",1.375,"Phi"
"RW","Jordin Tootoo",2600,"NJ@Phi 07:00PM ET",1.611,"NJ"
"C","Steve Ott",2600,"Anh@StL 08:00PM ET",1.000,"StL"
"D","Carlo Colaiacovo",2600,"Buf@Pit 07:00PM ET",1.143,"Buf"
"D","Tom Gilbert",2600,"Mon@Edm 09:00PM ET",1.300,"Mon"
"D","Braydon Coburn",2600,"Col@TB 07:30PM ET",1.850,"TB"
"RW","Steve Bernier",2600,"Car@NYI 07:00PM ET",0.000,"NYI"
"LW","Brandon Prust",2600,"Van@Dal 08:30PM ET",1.722,"Van"
"RW","Derek Dorsett",2600,"Van@Dal 08:30PM ET",2.111,"Van"
"C","Riley Nash",2600,"Car@NYI 07:00PM ET",1.600,"Car"
"D","Luke Schenn",2600,"NJ@Phi 07:00PM ET",1.600,"Phi"
"D","Luca Sbisa",2600,"Van@Dal 08:30PM ET",1.611,"Van"
"D","Carl Gunnarsson",2600,"Anh@StL 08:00PM ET",2.333,"StL"
"C","Jacob Josefson",2600,"NJ@Phi 07:00PM ET",1.689,"NJ"
"D","Robert Bortuzzo",2600,"Anh@StL 08:00PM ET",1.786,"StL"
"C","Casey Cizikas",2600,"Car@NYI 07:00PM ET",1.667,"NYI"
"D","Eric Gryba",2600,"Mon@Edm 09:00PM ET",1.600,"Edm"
"LW","Johan Larsson",2600,"Buf@Pit 07:00PM ET",1.167,"Buf"
"C","Anton Lander",2600,"Mon@Edm 09:00PM ET",0.950,"Edm"
"LW","Nicolas Deslauriers",2600,"Buf@Pit 07:00PM ET",1.167,"Buf"
"D","Alexei Emelin",2600,"Mon@Edm 09:00PM ET",1.000,"Mon"
"LW","Sven Baertschi",2600,"Van@Dal 08:30PM ET",1.563,"Van"
"D","Jamie Oleksiak",2600,"Van@Dal 08:30PM ET",1.000,"Dal"
"C","Vladislav Namestnikov",2600,"Col@TB 07:30PM ET",1.750,"TB"
"RW","Iiro Pakarinen",2600,"Mon@Edm 09:00PM ET",2.500,"Edm"
"D","Darnell Nurse",2600,"Mon@Edm 09:00PM ET",5.000,"Edm"
"D","Nikita Zadorov",2600,"Col@TB 07:30PM ET",1.375,"Col"
"RW","Jake Virtanen",2600,"Van@Dal 08:30PM ET",1.333,"Van"
"RW","Sergey Kalinin",2600,"NJ@Phi 07:00PM ET",0.556,"NJ"
"C","David Legwand",2500,"Buf@Pit 07:00PM ET",0.375,"Buf"
"D","Andrew Ference",2500,"Mon@Edm 09:00PM ET",0.800,"Edm"
"D","Michal Rozsival",2500,"Chi@Wpg 08:00PM ET",0,"Chi"
"D","Brad Stuart",2500,"Col@TB 07:30PM ET",0.100,"Col"
"RW","Tim Jackman",2500,"Anh@StL 08:00PM ET",0.167,"Anh"
"D","Rob Scuderi",2500,"Buf@Pit 07:00PM ET",1.333,"Pit"
"C","Jay McClement",2500,"Car@NYI 07:00PM ET",0.833,"Car"
"D","Nate Guenin",2500,"Col@TB 07:30PM ET",1.000,"Col"
"D","Mark Stuart",2500,"Chi@Wpg 08:00PM ET",1.556,"Wpg"
"RW","Chris Thorburn",2500,"Chi@Wpg 08:00PM ET",0.778,"Wpg"
"D","Josh Gorges",2500,"Buf@Pit 07:00PM ET",1.778,"Buf"
"LW","Bryan Bickell",2500,"Chi@Wpg 08:00PM ET",0.438,"Chi"
"RW","Adam Cracknell",2500,"Van@Dal 08:30PM ET",1.563,"Van"
"D","Adam Pardy",2500,"Chi@Wpg 08:00PM ET",0.500,"Wpg"
"D","Kyle Cumiskey",2500,"Chi@Wpg 08:00PM ET",0,"Chi"
"LW","Cody McLeod",2500,"Col@TB 07:30PM ET",0.875,"Col"
"D","Joe Piskula",2500,"Anh@StL 08:00PM ET",0.000,"Anh"
"C","Mark Letestu",2500,"Mon@Edm 09:00PM ET",1.100,"Edm"
"RW","Ryan Reaves",2500,"Anh@StL 08:00PM ET",0.375,"StL"
"D","Mike Weber",2500,"Buf@Pit 07:00PM ET",0.750,"Buf"
"D","Chris Butler",2500,"Anh@StL 08:00PM ET",0.000,"StL"
"C","Kevin Porter",2500,"Buf@Pit 07:00PM ET",0.938,"Pit"
"LW","Chris Terry",2500,"Car@NYI 07:00PM ET",0.889,"Car"
"C","Stephen Gionta",2500,"NJ@Phi 07:00PM ET",0.722,"NJ"
"LW","Rob Klinkhammer",2500,"Mon@Edm 09:00PM ET",1.000,"Edm"
"D","Ben Lovejoy",2500,"Buf@Pit 07:00PM ET",1.056,"Pit"
"RW","Viktor Tikhonov",2500,"Chi@Wpg 08:00PM ET",0.625,"Chi"
"RW","Anthony Peluso",2500,"Chi@Wpg 08:00PM ET",0.100,"Wpg"
"LW","Luke Gazdic",2500,"Mon@Edm 09:00PM ET",0.286,"Edm"
"D","Paul Postma",2500,"Chi@Wpg 08:00PM ET",0.000,"Wpg"
"LW","Andrew Desjardins",2500,"Chi@Wpg 08:00PM ET",0.667,"Chi"
"C","Paul Byron",2500,"Mon@Edm 09:00PM ET",0.000,"Mon"
"D","Jordie Benn",2500,"Van@Dal 08:30PM ET",0.944,"Dal"
"D","David Rundblad",2500,"Chi@Wpg 08:00PM ET",0.800,"Chi"
"D","John Moore",2500,"NJ@Phi 07:00PM ET",1.278,"NJ"
"D","Brian Strait",2500,"Car@NYI 07:00PM ET",0.500,"NYI"
"LW","Matt Martin",2500,"Car@NYI 07:00PM ET",1.222,"NYI"
"D","Michal Jordan",2500,"Car@NYI 07:00PM ET",1.000,"Car"
"D","Matt Bartkowski",2500,"Van@Dal 08:30PM ET",1.188,"Van"
"D","Korbinian Holzer",2500,"Anh@StL 08:00PM ET",0.625,"Anh"
"D","Ben Chiarot",2500,"Chi@Wpg 08:00PM ET",1.000,"Wpg"
"C","Marcus Kruger",2500,"Chi@Wpg 08:00PM ET",0.778,"Chi"
"D","Brandon Gormley",2500,"Col@TB 07:30PM ET",0.400,"Col"
"D","Jarred Tinordi",2500,"Mon@Edm 09:00PM ET",0.000,"Mon"
"D","Mark Pysyk",2500,"Buf@Pit 07:00PM ET",0.833,"Buf"
"D","Jon Merrill",2500,"NJ@Phi 07:00PM ET",0.429,"NJ"
"D","Patrik Nemeth",2500,"Van@Dal 08:30PM ET",0.300,"Dal"
"RW","Bryan Rust",2500,"Buf@Pit 07:00PM ET",0.700,"Pit"
"LW","Joakim Nordstrom",2500,"Car@NYI 07:00PM ET",0.500,"Car"
"C","Chris Wagner",2500,"Anh@StL 08:00PM ET",1.167,"Anh"
"D","Brandon Davidson",2500,"Mon@Edm 09:00PM ET",1.375,"Edm"
"D","Mark Fayne",2500,"Mon@Edm 09:00PM ET",1.150,"Edm"
"C","Brad Malone",2500,"Car@NYI 07:00PM ET",0.875,"Car"
"C","Andrej Nestrasil",2500,"Car@NYI 07:00PM ET",0.857,"Car"
"D","Nathan Beaulieu",2500,"Mon@Edm 09:00PM ET",1.350,"Mon"
"RW","Ty Rattie",2500,"Anh@StL 08:00PM ET",0.500,"StL"
"D","Adam Clendening",2500,"Buf@Pit 07:00PM ET",0.000,"Pit"
"D","Joel Edmundson",2500,"Anh@StL 08:00PM ET",1.167,"StL"
"D","Nikita Nesterov",2500,"Col@TB 07:30PM ET",0.800,"TB"
"D","Jyrki Jokipakka",2500,"Van@Dal 08:30PM ET",0.889,"Dal"
"D","Brandon Manning",2500,"NJ@Phi 07:00PM ET",1.167,"Phi"
"RW","Brian O'Neill",2500,"NJ@Phi 07:00PM ET",0.313,"NJ"
"D","Greg Pateryn",2500,"Mon@Edm 09:00PM ET",0.000,"Mon"
"RW","J.T. Brown",2500,"Col@TB 07:30PM ET",1.167,"TB"
"RW","Bobby Farnham",2500,"NJ@Phi 07:00PM ET",0.250,"NJ"
"D","Slater Koekkoek",2500,"Col@TB 07:30PM ET",0.500,"TB"
"C","Mikhail Grigorenko",2500,"Col@TB 07:30PM ET",0.571,"Col"
"C","Radek Faksa",2500,"Van@Dal 08:30PM ET",1.200,"Dal"
"LW","Stefan Matteau",2500,"NJ@Phi 07:00PM ET",0.500,"NJ"
"LW","Brock McGinn",2500,"Car@NYI 07:00PM ET",1.417,"Car"
"C","Cedric Paquette",2500,"Col@TB 07:30PM ET",2.200,"TB"
"D","Andrej Sustr",2500,"Col@TB 07:30PM ET",0.375,"TB"
"C","Tim Schaller",2500,"Buf@Pit 07:00PM ET",0.000,"Buf"
"LW","Nic Petan",2500,"Chi@Wpg 08:00PM ET",0.611,"Wpg"
"D","Brett Pesce",2500,"Car@NYI 07:00PM ET",0.250,"Car"
"LW","Anton Slepyshev",2500,"Mon@Edm 09:00PM ET",0.556,"Edm"
"C","Andrew Copp",2500,"Chi@Wpg 08:00PM ET",0.667,"Wpg"
"D","Evgeny Medvedev",2500,"NJ@Phi 07:00PM ET",1.375,"Phi"
"LW","Pierre-Edouard Bellemare",2500,"NJ@Phi 07:00PM ET",1.500,"Phi"
"C","Robby Fabbri",2500,"Anh@StL 08:00PM ET",1.833,"StL"
"RW","Tanner Kero",2500,"Chi@Wpg 08:00PM ET",0,"Chi"
